Table: Table_1

Txn Date ,Value Date ,Description ,Ref No./Cheque No. ,Debit ,Credit ,Balance ,
3 Dec 2021 ,3 Dec 2021 ,TO TRANSFER- IPI/DR/133718911345/RATNA KAR/SBIN/9423140101/Payme- ,TRANSFER TO 4694298162091 ,700.00 ,,21,173.46 ,
4 Dec 2021 ,4 Dec 2021 ,TO TRANSFER- UPI/DR/133857512669/PhoneF e/YESB/BILLDESKHE/Paymen- ,TRANSFER TO 5097984162097 ,1,531.00 ,,19,642.46 ,
4 Dec 2021 ,4 Dec 2021 ,TO TRANSFER- UPI/DR/133848189215/PhoneP YYESB/BILLDESKHE/Paymen- ,TRANSFER TO 4692639162092 ,3,062.00 ,,16,580.46 ,
4 Dec 2021 ,4 Dec 2021 ,TO TRANSFER- UPI/DR/133883300083/JAGAN NAT/SBIN/jaihirve@o/Payme- ,TRANSFER TO 4898901162092 ,500.00 ,,16,080.46 ,
5 Dec 2021 ,5 Dec 2021 ,ATM WDL-ATM CASH 8399 SBI BLA SATHECHOWK 2 NANDED- ,,3,000.00 ,,13,080.46 ,
6 Dec 2021 ,6 Dec 2021 ,TO TRANSFER- UPI/DR/134071698731/JB RAD/UTIB/9160177100/Paym e- ,TRANSFER TO 5097525162091 ,1,000.00 ,,12,080.46 ,
6 Dec 2021 ,6 Dec 2021 ,TO TRANSFER- UPI/DR/134042587045/G K CHOU/YESB/Q14951597@/Pa yme- ,TRANSFER TO 5097546162096 ,545.82 ,,11,534.64 ,
8 Dec 2021 ,8 Dec 2021 ,TO TRANSFER- UPI/DR/134240572274/Priya Du/UTIB/gpay-11190/Payme- ,TRANSFER TO 5097699162091 ,100.00 ,,11,434.64 ,
10 Dec 2021 ,10 Dec 2021 ,TO TRANSFER- JPI/DR/134471915303/Priya Du/UTIB/gpay-11190/Payme- ,TRANSFER TO 4692611162094 ,100.00 ,,11,334.64 ,
11 Dec 2021 ,11 Dec 2021 ,TO TRANSFER- JPI/DR/134516332406/GUNW ANT YYESB/Q79140433@/Payme- ,TRANSFER TO 5097978162095 ,220.91 ,,11,113.73 ,
14 Dec 2021 ,14 Dec 2021 ,TO TRANSFER- JPI/DR/134855390086/Shantai /YESB/Q95571488@/Payme- ,TRANSFER TO 5097603162093 ,560.65 ,,10,553.08 ,
17 Dec 2021 ,17 Dec 2021 ,TO TRANSFER- UPI/DR/135171014682/Priya Du/UTIB/gpay-11190/Payme- ,TRANSFER TO 4692582162093 ,100.00 ,,10,453.08 ,
21 Dec 2021 ,21 Dec 2021 ,TO TRANSFER- UPI/DR/135588260284/GUNW ANT IYESB/Q79140433@/Payme- ,TRANSFER TO 4692465162098 ,557.80 ,,9,895.28 ,
21 Dec 2021 ,21 Dec 2021 ,TO TRANSFER- JPI/DR/135549349910/Priya Du/UTIB/gpay-11193/Payme- ,TRANSFER TO 5097621162092 ,65.00 ,,9,830.28 ,
21 Dec 2021 ,21 Dec 2021 ,TO TRANSFER- UPI/DR/135572222031/SURAJ LA/YESB/Q675888011/Payme- ,TRANSFER TO 5097639162092 ,345.82 ,,9,484.46 ,
23 Dec 2021 ,23 Dec 2021 ,TO TRANSFER- JPI/DR/135727966085/Priya Du/UTIB/gpay-11193/Payme- ,TRANSFER TO 4692563162096 ,65.00 ,,9,419.46 ,
25 Dec 2021 ,25 Dec 2021 ,TO TRANSFER- UPI/DR/135938909910/PASPU NUR/ABHY/bhaskarpas/Payme - ,TRANSFER TO 5099748162092 ,80.00 ,,9,339.46 ,
25 Dec 2021 ,25 Dec 2021 ,TO TRANSFER- UPI/DR/135984273321/Vaibhav SBIN/7030353093/Payme- ,TRANSFER TO 5099744162096 ,1,000.00 ,,8,339.46 ,
25 Dec 2021 ,25 Dec 2021 ,CREDIT INTEREST-- ,,,73.00 ,8,412.46 ,
27 Dec 2021 ,27 Dec 2021 ,TO TRANSFER- UPI/DR/136111735353/VENKA TI ISBIN/Q091682434/Payme- ,TRANSFER TO 4693809162092 ,200.00 ,,8,212.46 ,
29 Dec 2021 ,29 Dec 2021 ,BY TRANSFER- NEFT*RBISOGOTGEP*RBI363 2119597355*DISTRICT TREASUR- ,TRANSFER FROM 3199964044308 ,,7,625.00 ,15,837.46 ,
29 Dec 2021 ,29 Dec 2021 ,TO TRANSFER- IPI/DR/136363266277/Priya Du/UTIB/gpay-11190/Payme- ,TRANSFER TO 4692511162097 ,65.00 ,,15,772.46 ,





