Table: Table_1

Txn Date ,Value Date ,Description ,Ref No./Cheque No. ,Debit ,Credit ,Balance ,
17 Mar 2022 ,17 Mar 2022 ,TO TRANSFER- IPI/DR/207629217548/DINES H H/ICIC/9421551193/Payme ,TRANSFER TO 4897674162096 ,1,100.00 ,,2,752.73 ,
17 Mar 2022 ,17 Mar 2022 ,TO TRANSFER- UPI/DR/207642696461/Shantai YESB/Q95571488@/Payme- ,TRANSFER TO 4692540162091 ,340.00 ,,2,412.73 ,
19 Mar 2022 ,19 Mar 2022 ,TO TRANSFER- PI/DR/207801869988/Madhav MAHG/7875060176/Payment- ,TRANSFER TO 4694393162093 ,200.00 ,,2,212.73 ,
21 Mar 2022 ,21 Mar 2022 ,TO TRANSFER- JPI/DR/208058053238/SAIDE EPT/SBIN/ksaideepti/Payme- ,TRANSFER TO 4693773162090 ,2,000.00 ,,212.73 ,
25 Mar 2022 ,25 Mar 2022 ,CREDIT INTEREST-- ,,,258.00 ,470.73 ,
31 Mar 2022 ,31 Mar 2022 ,BY TRANSFER- NEFT*KARB0000607*KARBN2 2090522976*BALIRAJA SAKHAR- ,TRANSFER FROM 3199423044304 ,,17,900.00 ,18,370.73 ,
2 Apr 2022 ,2 Apr 2022 ,TO TRANSFER- JPI/DR/209267246215/PRADE EP /UBIN/9156507194/Welco- ,TRANSFER TO 5098057162093 ,1.00 ,,18,369.73 ,
2 Apr 2022 ,2 Apr 2022 ,TO TRANSFER- UPI/DR/209265325115/PRADE EP/UBIN/9156507194/Payme- ,TRANSFER TO 4694374162096 ,10,000.00 ,,8,369.73 ,
2 Apr 2022 ,2 Apr 2022 ,TO TRANSFER- JPI/DR/209251800769/GAJAN AN/YESB/Q682413223/Mothe- ,TRANSFER TO 5097991162098 ,350.00 ,,8,019.73 ,
3 Apr 2022 ,3 Apr 2022 ,TO TRANSFER- UPI/DR/209332342426/Shantai /YESB/Q07877075@/Petro- ,TRANSFER TO 4692665162091 ,700.00 ,,7,319.73 ,
4 Apr 2022 ,4 Apr 2022 ,BY TRANSFER-INB MBS loan- ,UTA7404013 TRANSFER FROM 30330474198 ,,10,000.00 ,17,319.73 ,
4 Apr 2022 ,4 Apr 2022 ,TO TRANSFER- UPI/DR/209442352337/Bank Acc/KKBK/4913198724/Payme- ,TRANSFER TO 4693833162093 ,6,000.00 ,,11,319.73 ,
6 Apr 2022 ,6 Apr 2022 ,TO TRANSFER- UPI/DR/209664050566/Priya Du/UTIB/gpay-11190/Payme- ,TRANSFER TO 5097725162094 ,55.00 ,,11,264.73 ,
6 Apr 2022 ,6 Apr 2022 ,TO TRANSFER- UPI/DR/209603208165/AKASH BH/PYTM/Q44546269@/Paym e- ,TRANSFER TO 4694020162098 ,80.00 ,,11,184.73 ,
7 Apr 2022 ,7 Apr 2022 ,TO TRANSFER- UPI/DR/209741007744/PATLA MO/ANDB/8096026965/Payme- ,TRANSFER TO 4694121162095 ,4,000.00 ,,7,184.73 ,
7 Apr 2022 ,7 Apr 2022 ,BY TRANSFER- JPI/CR/209722019297/HANMA TR/BKID/7588525948/Payme- ,TRANSFER FROM 4693419162096 ,,4,600.00 ,11,784.73 ,
8 Apr 2022 ,8 Apr 2022 ,TO TRANSFER- JPI/DR/209836483606/Flipkart/ ESB/FKRT@ybl/Payment- ,TRANSFER TO 4692597162096 ,17.59 ,,11,767.14 ,
8 Apr 2022 ,8 Apr 2022 ,BY TRANSFER- IEFT*KARB0000607*KARBN2 2098458178*BALIRAJA SAKHAR- ,TRANSFER FROM 3199677044304 ,,524.00 ,12,291.14 ,
9 Apr 2022 ,9 Apr 2022 ,by debit card- OTHPOS209913825161NAND ED POLICE PETROL PNANDED- ,,736.67 ,,11,554.47 ,
10 Apr 2022 ,10 Apr 2022 ,TO TRANSFER- PI/DR/210012008978/SHIND E G/ABHY/9422549608/Payme - ,TRANSFER TO 4694483162091 ,2,000.00 ,,9,554.47 ,
11 Apr 2022 ,11 Apr 2022 ,ATM WDL-ATM CASH 21011 Khanapur Parbhani- ,,2,000.00 ,,7,554.47 ,
11 Apr 2022 ,11 Apr 2022 ,TO TRANSFER- UPI/DR/210150628607/GURU MUKH/IOBA/Q177838374/Pay me- ,TRANSFER TO 5097569162090 ,285.00 ,,7,269.47 ,





