Table: Table_1

Txn Date ,Value Date ,Description ,Ref No./Cheque No. ,Debit ,Credit ,Balance ,
16 Jan 2022 ,16 Jan 2022 ,BY TRANSFER- UPI/CR/201620398647/PRABH AKA/SBIN/pg.ambulge/cost- ,TRANSFER FROM 5098782162098 ,,1,030.00 ,5,285.16 ,
19 Jan 2022 ,19 Jan 2022 ,TO TRANSFER- UPI/DR/201987614863/SANJA Y S/SBIN/8956839694/Payme- ,TRANSFER TO 4693982162092 ,562.00 ,,4,723.16 ,
19 Jan 2022 ,19 Jan 2022 ,ATM WDL-ATM CASH 1740 SBI BLA SATHE CHOWK NANDED- ,,2,000.00 ,,2,723.16 ,
20 Jan 2022 ,20 Jan 2022 ,TO TRANSFER- PI/DR/202088059268/NEW CHIN/CBIN/10261825@c/Paym e- ,TRANSFER TO 4692540162091 ,1,040.00 ,,1,683.16 ,
21 Jan 2022 ,21 Jan 2022 ,TO TRANSFER- UPI/DR/202172457876/Jio Mobi/YESB/jio@yesban/JIO20- ,TRANSFER TO 4692601162095 ,666.00 ,,1,017.16 ,
21 Jan 2022 ,21 Jan 2022 ,BY TRANSFER- UPI/CR/202141413001/MAHES H H/BKID/maheshmn12/UPI- ,TRANSFER FROM 5099155162095 ,,5,000.00 ,6,017.16 ,
21 Jan 2022 ,21 Jan 2022 ,TO TRANSFER- UPI/DR/202177188464/SonalSt e/ICIC/sonalsteel/Kitch- ,TRANSFER TO 5097923162099 ,5,000.00 ,,1,017.16 ,
21 Jan 2022 ,21 Jan 2022 ,TO TRANSFER- UPI/DR/202146153561/Mrs SAVI/MAHB/9422377766/Paym e- ,TRANSFER TO 5099636162090 ,100.00 ,,917.16 ,
26 Jan 2022 ,26 Jan 2022 ,TO TRANSFER- IPI/DR/202617382504/PhoneP /YESB/BILLDESKPP/Paymen- ,TRANSFER TO 5097735162092 ,241.00 ,,676.16 ,
27 Jan 2022 ,27 Jan 2022 ,BY TRANSFER- IPI/CR/202754050086/MAHES H H/BKID/maheshmn12/UPI ,TRANSFER FROM 4693321162096 ,,14,000.00 ,14,676.16 ,
27 Jan 2022 ,27 Jan 2022 ,TO TRANSFER- IPI/DR/202735193558/HANMA NTR/BKID/7588525948/Payme- ,TRANSFER TO 5099583162097 ,14,000.00 ,,676.16 ,
31 Jan 2022 ,31 Jan 2022 ,by debit card- OTHPOS203108511824AMWA Y INDIA ENTERPRISENANDED- ,,509.00 ,,167.16 ,
31 Jan 2022 ,31 Jan 2022 ,BY TRANSFER- NEFT*KARB0000607*KARBN2 2031929934*BALIRAJA SAKHAR- ,TRANSFER FROM 3199969044303 ,,23,988.00 ,24,155.16 ,
1 Feb 2022 ,1 Feb 2022 ,BY TRANSFER-INB IMPS203214042297/00000000 00/XX5001/Account va- ,MAA00096533257 5 MAA00096533257 5 ,,1.00 ,24,156.16 ,
1 Feb 2022 ,1 Feb 2022 ,TO TRANSFER- PI/DR/203268405883/SANKE T B/HDFC/Q197506454/Payme - ,TRANSFER TO 4693917162090 ,3,060.00 ,,21,096.16 ,
2 Feb 2022 ,2 Feb 2022 ,BY TRANSFER-INB E-Lapse Terminated - Refunded- 02022200000- ,E-Lapse Terminated - RefuCTR0312260 00116 ,,1,31,220.07 ,1,52,316.23 ,
5 Feb 2022 ,5 Feb 2022 ,TO TRANSFER- UPI/DR/203681571509/MOUNI A/SBIN/7083197972/Payme- ,TRANSFER TO 4694330162096 ,13,000.00 ,,1,39,316.23 ,
7 Feb 2022 ,7 Feb 2022 ,TO TRANSFER- JPI/DR/203837369563/GAJAN N/YESB/Q590583199/Cycle- ,TRANSFER TO 4692459162095 ,1,269.00 ,,1,38,047.23 ,
7 Feb 2022 ,7 Feb 2022 ,TO TRANSFER- IPI/DR/203849506259/BABA PET/YESB/Q71529769@/Petro - ,TRANSFER TO 5097532162092 ,680.00 ,,1,37,367.23 ,
8 Feb 2022 ,8 Feb 2022 ,BY TRANSFER- IPI/CR/203917057328/HANMA NTR/BKID/7588525948/Payme-) ,TRANSFER FROM 5098898162096 ,,16,000.00 ,1,53,367.23 ,
9 Feb 2022 ,9 Feb 2022 ,TO TRANSFER- JPI/DR/204085750066/Bank cc/SBIN/3033047419/Payme- ,TRANSFER TO 4694039162098 ,2,500.00 ,,1,50,867.23 ,





