Table: Table_1

Txn Date ,Value Date ,Description ,Ref No./Cheque No. ,Debit ,Credit ,Balance ,
13 Feb 2022 ,13 Feb 2022 ,TO TRANSFER- UPI/DR/204411134709/Kalyan G/UTIB/9423194231/Paint- ,TRANSFER TO 4692686162096 ,11,500.00 ,,1,39,367.23 ,
14 Feb 2022 ,14 Feb 2022 ,TO TRANSFER- IPI/DR/204576883323/SANJA Y S/BARB/Q44969142@/Alumi - ,TRANSFER TO 4693790162098 ,8,000.00 ,,1,31,367.23 ,
14 Feb 2022 ,14 Feb 2022 ,TO TRANSFER- UPI/DR/204515526790/RAM AND /INDB/BHARATPE.0/Pay T- ,TRANSFER TO 5097536162098 ,10,000.00 ,,1,21,367.23 ,
14 Feb 2022 ,14 Feb 2022 ,TO TRANSFER- UPI/DR/204537033300/Raviku ma/PYTM/paytmqr281/Good- ,TRANSFER TO 5097525162091 ,181.00 ,,1,21,186.23 ,
15 Feb 2022 ,15 Feb 2022 ,TO TRANSFER- UPI/DR/204674377794/Shantai /YESB/Q95571488@/Petro- ,TRANSFER TO 4692478162093 ,680.00 ,,1,20,506.23 ,
15 Feb 2022 ,15 Feb 2022 ,TO TRANSFER- UPI/DR/204683746052/Kalyan G/UTIB/9423194231/Paint- ,TRANSFER TO 4692493162094 ,850.00 ,,1,19,656.23 ,
15 Feb 2022 ,15 Feb 2022 ,TO TRANSFER- UPI/DR/204652665107/Kanhiya I/UTIB/9823400101/Payme- ,TRANSFER TO 5097598162095 ,50.00 ,,1,19,606.23 ,
17 Feb 2022 ,17 Feb 2022 ,TO TRANSFER- UPI/DR/204819673177/MK HA/KKBK/q90520544@/Hardw- ,TRANSFER TO 5099582162098 ,2,400.00 ,,1,17,206.23 ,
17 Feb 2022 ,17 Feb 2022 ,TO TRANSFER- UPI/DR/204819828676/M K L HA/KKBK/q90520544@/Lock- ,TRANSFER TO 4694135162099 ,180.00 ,,1,17,026.23 ,
17 Feb 2022 ,17 Feb 2022 ,TO TRANSFER- UPI/DR/204890810520/M K L IA/KKBK/Q90520544@/Paym e- ,TRANSFER TO 5097862162096 ,180.00 ,,1,16,846.23 ,
19 Feb 2022 ,19 Feb 2022 ,BY TRANSFER- IPI/CR/205081647466/MAHES H H/BKID/maheshmn12/UPI- ,TRANSFER FROM 4693571162099 ,,35,000.00 ,1,51,846.23 ,
19 Feb 2022 ,19 Feb 2022 ,TO TRANSFER- UPI/DR/205047947461/SANJA Y S/BARB/Q44969142@/Payme- ,TRANSFER TO 5099728162096 ,1.00 ,,1,51,845.23 ,
19 Feb 2022 ,19 Feb 2022 ,TO TRANSFER- UPI/DR/205083782777/SANJA Y S/BARB/Q44969142@/Alumi - ,TRANSFER TO 4694313162098 ,11,000.00 ,,1,40,845.23 ,
21 Feb 2022 ,21 Feb 2022 ,TO TRANSFER- UPI/DR/205231011713/MANM ATH /YESB/Q939540917/Payme- ,TRANSFER TO 4692447162099 ,10,000.00 ,,1,30,845.23 ,
21 Feb 2022 ,21 Feb 2022 ,TO TRANSFER- JPI/DR/205238434003/Ms NEW N/IDIB/Q245874365/Cups - ,TRANSFER TO 5099348162097 ,360.00 ,,1,30,485.23 ,
21 Feb 2022 ,21 Feb 2022 ,TO TRANSFER- UPI/DR/205232399565/BABA PET/YESB/Q71529769@/Pay me- ,TRANSFER TO 4692420162099 ,680.00 ,,1,29,805.23 ,
23 Feb 2022 ,23 Feb 2022 ,TO CLEARING-AXS LIFE INSURANCE CORPORATIO- 537529 ,537529 ,1,06,420.00 ,,23,385.23 ,
26 Feb 2022 ,26 Feb 2022 ,TO TRANSFER- UPI/DR/205703136177/HANMA NTR/BKID/7588525948/Payme ,TRANSFER TO 4694383162095 ,13,350.00 ,,10,035.23 ,
27 Feb 2022 ,27 Feb 2022 ,TO TRANSFER- UPI/DR/205879166132/GAJAN AN/SBIN/gajananbom/Payme- ,TRANSFER TO 4898923162097 ,5,000.00 ,,5,035.23 ,
1 Mar 2022 ,1 Mar 2022 ,TO TRANSFER- PI/DR/206022301989/SHAIK H S/KKBK/8788884531/Payme- ,TRANSFER TO 4693945162096 ,1.00 ,,5,034.23 ,
1 Mar 2022 ,1 Mar 2022 ,TO TRANSFER- PI/DR/206051663468/SHAIK H S/KKBK/8788884531/Payme- ,TRANSFER TO 5097664162092 ,500.00 ,,4,534.23 ,





