Table: Table_1

Txn Date ,Value Date ,Description ,Ref No./Cheque No. ,Debit ,Credit ,Balance ,
29 Dec 2021 ,29 Dec 2021 ,ATM WDL-ATM CASH 13631 GUNDEGAONKAR PETROL NANDEDWAGHAL- ,,3,000.00 ,,12,772.46 ,
30 Dec 2021 ,30 Dec 2021 ,TO TRANSFER- UUPI/DR/136433556687/Shantai IYESB/Q95571488@/Payme- ,TRANSFER TO 5097786162092 ,562.30 ,,12,210.16 ,
31 Dec 2021 ,31 Dec 2021 ,TO TRANSFER- UPI/DR/136584412838/Priya Du/UTIB/gpay-11193/Payme- ,TRANSFER TO 4692590162092 ,65.00 ,,12,145.16 ,
1 Jan 2022 ,1 Jan 2022 ,ATM WDL-ATM CASH 20011 GUNDEGAONKAR PETROL NANDEDWAGHAL- ,,10,000.00 ,,2,145.16 ,
1 Jan 2022 ,1 Jan 2022 ,BY TRANSFER- EFT*BKID0000200*BKIDB22 001294260*BALIRAJA SAKHAR- ,TRANSFER FROM 3199424044303 ,,22,700.00 ,24,845.16 ,
1 Jan 2022 ,1 Jan 2022 ,TO TRANSFER- UPI/DR/200149131099/Priya Du/UTIB/gpay-11193/Payme- ,TRANSFER TO 5097999162090 ,65.00 ,,24,780.16 ,
2 Jan 2022 ,2 Jan 2022 ,TO TRANSFER- JPI/DR/200230862974/Priya Du/UTIB/gpay-11190/Payme- ,TRANSFER TO 5098093162090 ,65.00 ,,24,715.16 ,
3 Jan 2022 ,3 Jan 2022 ,TO TRANSFER- UPI/DR/200338437025/MANM ATH/IOBA/9273199002/20- ,TRANSFER TO 5097518162090 ,7,500.00 ,,17,215.16 ,
3 Jan 2022 ,3 Jan 2022 ,TO TRANSFER- JPI/DR/200390055429/ARADH ANA/UTIB/9890917800/Payme- ,TRANSFER TO 5099399162097 ,2,050.00 ,,15,165.16 ,
3 Jan 2022 ,3 Jan 2022 ,by debit card- SBIPOS003700809525REL RETAIL LTD-TR NANDED- ,,349.00 ,,14,816.16 ,
4 Jan 2022 ,4 Jan 2022 ,TO TRANSFER- UPI/DR/200408019232/SHITAL U/SBIN/7720887226/Payme- ,TRANSFER TO 5099420162094 ,562.00 ,,14,254.16 ,
4 Jan 2022 ,4 Jan 2022 ,TO TRANSFER- JPI/DR/200469432257/Priya Du/UTIB/gpay-11193/Payme- ,TRANSFER TO 4898735162090 ,65.00 ,,14,189.16 ,
5 Jan 2022 ,5 Jan 2022 ,TO TRANSFER- UPI/DR/200584321089/GAJAN AN/SBIN/gajananbom/Payme- ,TRANSFER TO 4694009162093 ,4,000.00 ,,10,189.16 ,
5 Jan 2022 ,5 Jan 2022 ,BY TRANSFER-INB IMPS200519265888/11111111 11/XX1002/karvylnsur- ,MAD00003823492 8 MAD00003823492 8 ,,1.00 ,10,190.16 ,
6 Jan 2022 ,6 Jan 2022 ,TO TRANSFER- UPI/DR/200607121800/Priya Du/UTIB/gpay-11190/Payme- ,TRANSFER TO 4898741162092 ,65.00 ,,10,125.16 ,
8 Jan 2022 ,8 Jan 2022 ,TO TRANSFER- UPI/DR/200872182309/Priya Ju/UTIB/gpay-11190/Payme- ,TRANSFER TO 4692653162094 ,65.00 ,,10,060.16 ,
10 Jan 2022 ,10 Jan 2022 ,TO TRANSFER- UPI/DR/201049294274/HIWRA LE /MSCI/9021509041/Payme- ,TRANSFER TO 5099340162094 ,650.00 ,,9,410.16 ,
10 Jan 2022 ,10 Jan 2022 ,ATM WDL-ATM CASH 8039 SBI CAPEX APMC NANDED NANDED- ,,1,000.00 ,,8,410.16 ,
11 Jan 2022 ,11 Jan 2022 ,TO TRANSFER- IPI/DR/201185530228/Bank Acc/CNRB/4497101003/Payme - ,TRANSFER TO 5099415162092 ,1,000.00 ,,7,410.16 ,
11 Jan 2022 ,11 Jan 2022 ,TO TRANSFER- IPI/DR/201155994627/Bharatp e/ICIC/BHARATPE.9/Pay T- ,TRANSFER TO 5097601162095 ,1,400.00 ,,6,010.16 ,
11 Jan 2022 ,11 Jan 2022 ,TO TRANSFER- PI/DR/201132714434/Bharatp e/ICIC/BHARATPE.9/Pay T- ,TRANSFER TO 4692498162099 ,40.00 ,,5,970.16 ,
11 Jan 2022 ,11 Jan 2022 ,TO TRANSFER- UPI/DR/201145830564/SHITAL J/SBIN/7720887226/Payme- ,TRANSFER TO 5097681162091 ,675.00 ,,5,295.16 ,
16 Jan 2022 ,16 Jan 2022 ,TO TRANSFER- UPI/DR/201628293904/RASNA II/YESB/Q507667718/Payme- ,TRANSFER TO 5098072162095 ,1,040.00 ,,4,255.16 ,





