Table: Table_1

Txn Date ,Value Date ,Description ,Ref No./Cheque No. ,Debit ,Credit ,Balance ,
26 Oct 2021 ,26 Oct 2021 ,TO TRANSFER- UPI/DR/129988913035/Bank Acc/SBIN/3033047419/Payme- ,TRANSFER TO 5097658162099 ,4,100.00 ,,7,848.45 ,
27 Oct 2021 ,27 Oct 2021 ,BY TRANSFER- IEFT*BKID0000200*BKIDB21 300559157*BALIRAJA SAKHAR- ,TRANSFER FROM 3199969044303 ,,13,000.00 ,20,848.45 ,
28 Oct 2021 ,28 Oct 2021 ,TO TRANSFER- UPI/DR/130164066402/RATNA KAR/SBIN/9423140101/Payme- ,TRANSFER TO 5099555162090 ,601.00 ,,20,247.45 ,
28 Oct 2021 ,28 Oct 2021 ,TO TRANSFER- PI/DR/130109038840/Shantai IYESB/Q28735163@/Payme- ,TRANSFER TO 4692563162096 ,496.48 ,,19,750.97 ,
28 Oct 2021 ,28 Oct 2021 ,TO TRANSFER- UPI/DR/130158909166/Mr SHRI/YESB/Q72235419@/Pay me- ,TRANSFER TO 5097791162095 ,29.28 ,,19,721.69 ,
6 Nov 2021 ,6 Nov 2021 ,TO TRANSFER- IPI/DR/131017911671/SHOAI B A/UTIB/amzn000913/UPI- ,TRANSFER TO 5099748162092 ,350.00 ,,19,371.69 ,
8 Nov 2021 ,8 Nov 2021 ,TO TRANSFER- UPI/DR/131287655625/LIMRA A/SBIN/Q25805622@/Exide- ,TRANSFER TO 5099375162095 ,6,000.00 ,,13,371.69 ,
8 Nov 2021 ,8 Nov 2021 ,TO TRANSFER- JPI/DR/131283673283/SHRI MAH/FDRL/BHARATPE.9/Pay me- ,TRANSFER TO 5097508162091 ,190.00 ,,13,181.69 ,
9 Nov 2021 ,9 Nov 2021 ,TO TRANSFER- UPI/DR/131378093908/Bank Acc/UBIN/5972010100/Payme- ,TRANSFER TO 4693956162093 ,2,900.00 ,,10,281.69 ,
11 Nov 2021 ,11 Nov 2021 ,ATM WDL-ATM CASH 13150 Shakkarnagar X Road Bodhan- ,,2,000.00 ,,8,281.69 ,
14 Nov 2021 ,14 Nov 2021 ,TO TRANSFER- IPI/DR/131802091795/Shantai /YESB/Q95571488@/Payme- ,TRANSFER TO 5098084162091 ,340.00 ,,7,941.69 ,
14 Nov 2021 ,14 Nov 2021 ,TO TRANSFER- UPI/DR/131820926530/RASNA WI/YESB/Q58999714@/Payme - ,TRANSFER TO 4692675162099 ,302.46 ,,7,639.23 ,
15 Nov 2021 ,15 Nov 2021 ,ATM WDL-ATM CASH 6230 ANAND NAGAR NANDED- ,,1,000.00 ,,6,639.23 ,
18 Nov 2021 ,18 Nov 2021 ,TO TRANSFER- UPI/DR/132256618460/PhoneF e/YESB/EURONET@yb/Payme n- ,TRANSFER TO 5097823162092 ,149.00 ,,6,490.23 ,
24 Nov 2021 ,24 Nov 2021 ,ATM WDL-ATM CASH 1537 ANAND NAGAR NANDED- ,,2,000.00 ,,4,490.23 ,
24 Nov 2021 ,24 Nov 2021 ,TO TRANSFER- UPI/DR/132876326874/S POPATL/IDIB/spopatlal@/Pay me- ,TRANSFER TO 5097734162093 ,1,493.00 ,,2,997.23 ,
24 Nov 2021 ,24 Nov 2021 ,TO TRANSFER- UPI/DR/132856558357/SHRI MAH/FDRL/BHARATPE.9/Pay me- ,TRANSFER TO 4692524162092 ,890.00 ,,2,107.23 ,
24 Nov 2021 ,24 Nov 2021 ,TO TRANSFER- PI/DR/132822305529/BABA ET/YESB/Q83792309@/Pay me- ,TRANSFER TO 5097723162096 ,565.00 ,,1,542.23 ,
1 Dec 2021 ,1 Dec 2021 ,BY TRANSFER- NEFT*BKID0000200*BKIDB21 335210877*BALIRAJA SAKHAR- ,TRANSFER FROM 3199969044303 ,,22,000.00 ,23,542.23 ,
1 Dec 2021 ,1 Dec 2021 ,TO TRANSFER- UPI/DR/133516261859/Shantai /YESB/Q07877075@/Payme- ,TRANSFER TO 4692503162096 ,557.77 ,,22,984.46 ,
2 Dec 2021 ,2 Dec 2021 ,TO TRANSFER- IPI/DR/133639203103/SHIVR \TH/SBIN/9492211008/Payme- ,TRANSFER TO 5099613162097 ,1,111.00 ,,21,873.46 ,





